cost,gap,opt_reached,proba
180,18.42105263157893,0.0,56.00000000000001
