cost,gap,opt_reached,proba
167,40.33613445378151,0.0,56.00000000000001
