cost,gap,opt_reached,proba
145,14.173228346456696,0.0,56.00000000000001
