cost,gap,opt_reached,proba
139,9.448818897637807,0.0,56.00000000000001
